<?xml version="1.0" encoding="UTF-8" standalone="yes"?>
<w:document xmlns:ve="http://schemas.openxmlformats.org/markup-compatibility/2006" xmlns:o="urn:schemas-microsoft-com:office:office" xmlns:r="http://schemas.openxmlformats.org/officeDocument/2006/relationships" xmlns:m="http://schemas.openxmlformats.org/officeDocument/2006/math" xmlns:v="urn:schemas-microsoft-com:vml" xmlns:wp="http://schemas.openxmlformats.org/drawingml/2006/wordprocessingDrawing" xmlns:w10="urn:schemas-microsoft-com:office:word" xmlns:w="http://schemas.openxmlformats.org/wordprocessingml/2006/main" xmlns:wne="http://schemas.microsoft.com/office/word/2006/wordml"><w:body><w:p w:rsidR="00EA68DC" w:rsidRPr="00C703AC" w:rsidRDefault="00EA68DC" w:rsidP="00EA68DC"><w:pPr><w:rPr><w:lang w:val="es-ES_tradnl"/></w:rPr></w:pPr><w:r><w:t xml:space="preserve">Lorem ipsum dolor sit amet, consectetuer adipiscing elit. Nunc at risus vel erat tempus posuere. Aenean non ante. Suspendisse vehicula dolor sit amet odio. Sed at sem. Nunc fringilla. Etiam ut diam. Nunc diam neque, adipiscing sed, ultrices a, pulvinar vitae, mauris. Suspendisse at elit vitae quam volutpat dapibus. Phasellus consequat magna in tellus. Mauris mauris dolor, dapibus sed, commodo et, pharetra eget, diam. </w:t></w:r><w:r w:rsidRPr="00C703AC"><w:rPr><w:lang w:val="es-ES_tradnl"/></w:rPr><w:t xml:space="preserve">Nullam consequat lacus vitae mi. Sed tortor risus, posuere sed, condimentum pellentesque, pharetra eu, nisl. </w:t></w:r></w:p><w:p w:rsidR="00EA68DC" w:rsidRPr="00C703AC" w:rsidRDefault="00EA68DC" w:rsidP="00EA68DC"><w:pPr><w:rPr><w:lang w:val="es-ES_tradnl"/></w:rPr></w:pPr><w:r w:rsidRPr="00C703AC"><w:rPr><w:lang w:val="es-ES_tradnl"/></w:rPr><w:t xml:space="preserve">Nullam sapien. Quisque ligula tellus, consectetuer at, elementum eget, interdum vitae, arcu. Aenean tempus. Nulla venenatis pellentesque urna. Quisque tincidunt, augue eget scelerisque sodales, sem elit convallis mi, ut sollicitudin metus turpis a nisi. Vivamus iaculis eleifend quam. Pellentesque habitant morbi tristique senectus et netus et malesuada fames ac turpis egestas. Integer tortor lacus, congue in, vehicula eget, suscipit vel, mi. Donec et purus. Sed elementum dapibus neque. </w:t></w:r></w:p><w:p w:rsidR="001A6335" w:rsidRDefault="00EA68DC" w:rsidP="00EA68DC"><w:r w:rsidRPr="00C703AC"><w:rPr><w:lang w:val="es-ES_tradnl"/></w:rPr><w:t xml:space="preserve">Fusce blandit, augue eu luctus posuere, mi arcu consequat lorem, non volutpat neque enim a mi. Aliquam nonummy justo in purus. Quisque dolor purus, auctor in, varius non, auctor quis, dolor. Mauris vitae elit. Suspendisse dolor ante, imperdiet id, sodales auctor, tempus mollis, nisl. Donec vehicula tincidunt lectus. Donec cursus. Nam tempor pede eu urna. Praesent nec magna at enim ornare posuere. Fusce pharetra dapibus ligula. </w:t></w:r><w:r><w:t>Phasellus ultricies mi nec leo. Sed tempus. In sit amet lorem at velit faucibus vestibulum.</w:t></w:r></w:p><w:sectPr w:rsidR="001A6335" w:rsidSect="001A6335"><w:headerReference w:type="even" r:id="rId6"/><w:headerReference w:type="default" r:id="rId7"/><w:footerReference w:type="even" r:id="rId8"/><w:footerReference w:type="default" r:id="rId9"/><w:headerReference w:type="first" r:id="rId10"/><w:footerReference w:type="first" r:id="rId11"/><w:pgSz w:w="12240" w:h="15840"/><w:pgMar w:top="1440" w:right="1800" w:bottom="1440" w:left="1800" w:header="720" w:footer="720" w:gutter="0"/><w:cols w:space="720"/><w:docGrid w:linePitch="360"/></w:sectPr></w:body></w:document>