<?xml version="1.0" encoding="UTF-8" standalone="yes"?>
<w:footnotes xmlns:ve="http://schemas.openxmlformats.org/markup-compatibility/2006" xmlns:o="urn:schemas-microsoft-com:office:office" xmlns:r="http://schemas.openxmlformats.org/officeDocument/2006/relationships" xmlns:m="http://schemas.openxmlformats.org/officeDocument/2006/math" xmlns:v="urn:schemas-microsoft-com:vml" xmlns:wp="http://schemas.openxmlformats.org/drawingml/2006/wordprocessingDrawing" xmlns:w10="urn:schemas-microsoft-com:office:word" xmlns:w="http://schemas.openxmlformats.org/wordprocessingml/2006/main" xmlns:wne="http://schemas.microsoft.com/office/word/2006/wordml"><w:footnote w:type="separator" w:id="0"><w:p w:rsidR="007729B7" w:rsidRDefault="007729B7" w:rsidP="00C703AC"><w:pPr><w:spacing w:after="0" w:line="240" w:lineRule="auto"/></w:pPr><w:r><w:separator/></w:r></w:p></w:footnote><w:footnote w:type="continuationSeparator" w:id="1"><w:p w:rsidR="007729B7" w:rsidRDefault="007729B7" w:rsidP="00C703AC"><w:pPr><w:spacing w:after="0" w:line="240" w:lineRule="auto"/></w:pPr><w:r><w:continuationSeparator/></w:r></w:p></w:footnote></w:footnotes>