<?xml version="1.0" encoding="UTF-8" standalone="yes"?>
<w:styles xmlns:r="http://schemas.openxmlformats.org/officeDocument/2006/relationships" xmlns:w="http://schemas.openxmlformats.org/wordprocessingml/2006/main"><w:docDefaults><w:rPrDefault><w:rPr><w:rFonts w:ascii="Calibri" w:eastAsia="Calibri" w:hAnsi="Calibri" w:cs="Times New Roman"/><w:lang w:val="en-US" w:eastAsia="en-US" w:bidi="ar-SA"/></w:rPr></w:rPrDefault><w:pPrDefault/></w:docDefaults><w:latentStyles w:defLockedState="0" w:defUIPriority="99" w:defSemiHidden="1" w:defUnhideWhenUsed="1" w:defQFormat="0" w:count="267"><w:lsdException w:name="Normal" w:semiHidden="0" w:uiPriority="0" w:unhideWhenUsed="0" w:qFormat="1"/><w:lsdException w:name="heading 1" w:semiHidden="0" w:uiPriority="1" w:unhideWhenUsed="0" w:qFormat="1"/><w:lsdException w:name="heading 2" w:semiHidden="0" w:uiPriority="1" w:unhideWhenUsed="0" w:qFormat="1"/><w:lsdException w:name="heading 3" w:semiHidden="0" w:uiPriority="1" w:unhideWhenUsed="0" w:qFormat="1"/><w:lsdException w:name="heading 4" w:uiPriority="1" w:qFormat="1"/><w:lsdException w:name="heading 5" w:uiPriority="1" w:qFormat="1"/><w:lsdException w:name="heading 6" w:uiPriority="1" w:qFormat="1"/><w:lsdException w:name="heading 7" w:uiPriority="1" w:qFormat="1"/><w:lsdException w:name="heading 8" w:uiPriority="1" w:qFormat="1"/><w:lsdException w:name="heading 9" w:uiPriority="1" w:qFormat="1"/><w:lsdException w:name="Title" w:semiHidden="0" w:uiPriority="4" w:unhideWhenUsed="0" w:qFormat="1"/><w:lsdException w:name="Subtitle" w:semiHidden="0" w:uiPriority="5" w:unhideWhenUsed="0" w:qFormat="1"/><w:lsdException w:name="Block Text" w:semiHidden="0" w:uiPriority="3" w:unhideWhenUsed="0" w:qFormat="1"/><w:lsdException w:name="Strong" w:semiHidden="0" w:uiPriority="2" w:unhideWhenUsed="0" w:qFormat="1"/><w:lsdException w:name="Emphasis" w:semiHidden="0" w:uiPriority="2" w:unhideWhenUsed="0" w:qFormat="1"/><w:lsdException w:name="Table Grid" w:semiHidden="0" w:uiPriority="1" w:unhideWhenUsed="0"/><w:lsdException w:name="Light Shading" w:semiHidden="0" w:uiPriority="21" w:unhideWhenUsed="0"/><w:lsdException w:name="Light List" w:semiHidden="0" w:uiPriority="22" w:unhideWhenUsed="0"/><w:lsdException w:name="Light Grid" w:semiHidden="0" w:uiPriority="23" w:unhideWhenUsed="0"/><w:lsdException w:name="Medium Shading 1" w:semiHidden="0" w:uiPriority="24" w:unhideWhenUsed="0"/><w:lsdException w:name="Medium Shading 2" w:semiHidden="0" w:uiPriority="25" w:unhideWhenUsed="0"/><w:lsdException w:name="Medium List 1" w:semiHidden="0" w:uiPriority="26" w:unhideWhenUsed="0"/><w:lsdException w:name="Medium List 2" w:semiHidden="0" w:uiPriority="27" w:unhideWhenUsed="0"/><w:lsdException w:name="Medium Grid 1" w:semiHidden="0" w:uiPriority="28" w:unhideWhenUsed="0"/><w:lsdException w:name="Medium Grid 2" w:semiHidden="0" w:uiPriority="29" w:unhideWhenUsed="0"/><w:lsdException w:name="Medium Grid 3" w:semiHidden="0" w:uiPriority="30" w:unhideWhenUsed="0"/><w:lsdException w:name="Dark List" w:semiHidden="0" w:uiPriority="31" w:unhideWhenUsed="0"/><w:lsdException w:name="Colorful Shading" w:semiHidden="0" w:uiPriority="32" w:unhideWhenUsed="0"/><w:lsdException w:name="Colorful List" w:semiHidden="0" w:uiPriority="33" w:unhideWhenUsed="0"/><w:lsdException w:name="Colorful Grid" w:semiHidden="0" w:uiPriority="34" w:unhideWhenUsed="0"/><w:lsdException w:name="Light Shading Accent 1" w:semiHidden="0" w:uiPriority="35" w:unhideWhenUsed="0"/><w:lsdException w:name="Light List Accent 1" w:semiHidden="0" w:uiPriority="36" w:unhideWhenUsed="0"/><w:lsdException w:name="Light Grid Accent 1" w:semiHidden="0" w:uiPriority="37" w:unhideWhenUsed="0"/><w:lsdException w:name="Medium Shading 1 Accent 1" w:semiHidden="0" w:uiPriority="38" w:unhideWhenUsed="0"/><w:lsdException w:name="Medium Shading 2 Accent 1" w:semiHidden="0" w:uiPriority="39" w:unhideWhenUsed="0"/><w:lsdException w:name="Medium List 1 Accent 1" w:semiHidden="0" w:uiPriority="40" w:unhideWhenUsed="0"/><w:lsdException w:name="Revision" w:unhideWhenUsed="0"/><w:lsdException w:name="List Paragraph" w:semiHidden="0" w:uiPriority="34" w:unhideWhenUsed="0" w:qFormat="1"/><w:lsdException w:name="Quote" w:semiHidden="0" w:uiPriority="29" w:unhideWhenUsed="0" w:qFormat="1"/><w:lsdException w:name="Intense Quote" w:semiHidden="0" w:uiPriority="30" w:unhideWhenUsed="0" w:qFormat="1"/><w:lsdException w:name="Medium List 2 Accent 1" w:semiHidden="0" w:uiPriority="41" w:unhideWhenUsed="0"/><w:lsdException w:name="Medium Grid 1 Accent 1" w:semiHidden="0" w:uiPriority="41" w:unhideWhenUsed="0"/><w:lsdException w:name="Medium Grid 2 Accent 1" w:semiHidden="0" w:uiPriority="41" w:unhideWhenUsed="0"/><w:lsdException w:name="Medium Grid 3 Accent 1" w:semiHidden="0" w:uiPriority="41" w:unhideWhenUsed="0"/><w:lsdException w:name="Dark List Accent 1" w:semiHidden="0" w:uiPriority="41" w:unhideWhenUsed="0"/><w:lsdException w:name="Colorful Shading Accent 1" w:semiHidden="0" w:uiPriority="41" w:unhideWhenUsed="0"/><w:lsdException w:name="Colorful List Accent 1" w:semiHidden="0" w:uiPriority="41" w:unhideWhenUsed="0"/><w:lsdException w:name="Colorful Grid Accent 1" w:semiHidden="0" w:uiPriority="41" w:unhideWhenUsed="0"/><w:lsdException w:name="Light Shading Accent 2" w:semiHidden="0" w:uiPriority="42" w:unhideWhenUsed="0"/><w:lsdException w:name="Light List Accent 2" w:semiHidden="0" w:uiPriority="42" w:unhideWhenUsed="0"/><w:lsdException w:name="Light Grid Accent 2" w:semiHidden="0" w:uiPriority="42" w:unhideWhenUsed="0"/><w:lsdException w:name="Medium Shading 1 Accent 2" w:semiHidden="0" w:uiPriority="42" w:unhideWhenUsed="0"/><w:lsdException w:name="Medium Shading 2 Accent 2" w:semiHidden="0" w:uiPriority="42" w:unhideWhenUsed="0"/><w:lsdException w:name="Medium List 1 Accent 2" w:semiHidden="0" w:uiPriority="42" w:unhideWhenUsed="0"/><w:lsdException w:name="Medium List 2 Accent 2" w:semiHidden="0" w:uiPriority="42" w:unhideWhenUsed="0"/><w:lsdException w:name="Medium Grid 1 Accent 2" w:semiHidden="0" w:uiPriority="42" w:unhideWhenUsed="0"/><w:lsdException w:name="Medium Grid 2 Accent 2" w:semiHidden="0" w:uiPriority="42" w:unhideWhenUsed="0"/><w:lsdException w:name="Medium Grid 3 Accent 2" w:semiHidden="0" w:uiPriority="42" w:unhideWhenUsed="0"/><w:lsdException w:name="Dark List Accent 2" w:semiHidden="0" w:uiPriority="42" w:unhideWhenUsed="0"/><w:lsdException w:name="Colorful Shading Accent 2" w:semiHidden="0" w:uiPriority="42" w:unhideWhenUsed="0"/><w:lsdException w:name="Colorful List Accent 2" w:semiHidden="0" w:uiPriority="42" w:unhideWhenUsed="0"/><w:lsdException w:name="Colorful Grid Accent 2" w:semiHidden="0" w:uiPriority="42" w:unhideWhenUsed="0"/><w:lsdException w:name="Light Shading Accent 3" w:semiHidden="0" w:uiPriority="43" w:unhideWhenUsed="0"/><w:lsdException w:name="Light List Accent 3" w:semiHidden="0" w:uiPriority="43" w:unhideWhenUsed="0"/><w:lsdException w:name="Light Grid Accent 3" w:semiHidden="0" w:uiPriority="43" w:unhideWhenUsed="0"/><w:lsdException w:name="Medium Shading 1 Accent 3" w:semiHidden="0" w:uiPriority="43" w:unhideWhenUsed="0"/><w:lsdException w:name="Medium Shading 2 Accent 3" w:semiHidden="0" w:uiPriority="43" w:unhideWhenUsed="0"/><w:lsdException w:name="Medium List 1 Accent 3" w:semiHidden="0" w:uiPriority="43" w:unhideWhenUsed="0"/><w:lsdException w:name="Medium List 2 Accent 3" w:semiHidden="0" w:uiPriority="43" w:unhideWhenUsed="0"/><w:lsdException w:name="Medium Grid 1 Accent 3" w:semiHidden="0" w:uiPriority="43" w:unhideWhenUsed="0"/><w:lsdException w:name="Medium Grid 2 Accent 3" w:semiHidden="0" w:uiPriority="43" w:unhideWhenUsed="0"/><w:lsdException w:name="Medium Grid 3 Accent 3" w:semiHidden="0" w:uiPriority="43" w:unhideWhenUsed="0"/><w:lsdException w:name="Dark List Accent 3" w:semiHidden="0" w:uiPriority="43" w:unhideWhenUsed="0"/><w:lsdException w:name="Colorful Shading Accent 3" w:semiHidden="0" w:uiPriority="43" w:unhideWhenUsed="0"/><w:lsdException w:name="Colorful List Accent 3" w:semiHidden="0" w:uiPriority="43" w:unhideWhenUsed="0"/><w:lsdException w:name="Colorful Grid Accent 3" w:semiHidden="0" w:uiPriority="43" w:unhideWhenUsed="0"/><w:lsdException w:name="Light Shading Accent 4" w:semiHidden="0" w:uiPriority="44" w:unhideWhenUsed="0"/><w:lsdException w:name="Light List Accent 4" w:semiHidden="0" w:uiPriority="44" w:unhideWhenUsed="0"/><w:lsdException w:name="Light Grid Accent 4" w:semiHidden="0" w:uiPriority="44" w:unhideWhenUsed="0"/><w:lsdException w:name="Medium Shading 1 Accent 4" w:semiHidden="0" w:uiPriority="44" w:unhideWhenUsed="0"/><w:lsdException w:name="Medium Shading 2 Accent 4" w:semiHidden="0" w:uiPriority="44" w:unhideWhenUsed="0"/><w:lsdException w:name="Medium List 1 Accent 4" w:semiHidden="0" w:uiPriority="44" w:unhideWhenUsed="0"/><w:lsdException w:name="Medium List 2 Accent 4" w:semiHidden="0" w:uiPriority="44" w:unhideWhenUsed="0"/><w:lsdException w:name="Medium Grid 1 Accent 4" w:semiHidden="0" w:uiPriority="44" w:unhideWhenUsed="0"/><w:lsdException w:name="Medium Grid 2 Accent 4" w:semiHidden="0" w:uiPriority="44" w:unhideWhenUsed="0"/><w:lsdException w:name="Medium Grid 3 Accent 4" w:semiHidden="0" w:uiPriority="44" w:unhideWhenUsed="0"/><w:lsdException w:name="Dark List Accent 4" w:semiHidden="0" w:uiPriority="44" w:unhideWhenUsed="0"/><w:lsdException w:name="Colorful Shading Accent 4" w:semiHidden="0" w:uiPriority="44" w:unhideWhenUsed="0"/><w:lsdException w:name="Colorful List Accent 4" w:semiHidden="0" w:uiPriority="44" w:unhideWhenUsed="0"/><w:lsdException w:name="Colorful Grid Accent 4" w:semiHidden="0" w:uiPriority="44" w:unhideWhenUsed="0"/><w:lsdException w:name="Light Shading Accent 5" w:semiHidden="0" w:uiPriority="45" w:unhideWhenUsed="0"/><w:lsdException w:name="Light List Accent 5" w:semiHidden="0" w:uiPriority="45" w:unhideWhenUsed="0"/><w:lsdException w:name="Light Grid Accent 5" w:semiHidden="0" w:uiPriority="45" w:unhideWhenUsed="0"/><w:lsdException w:name="Medium Shading 1 Accent 5" w:semiHidden="0" w:uiPriority="45" w:unhideWhenUsed="0"/><w:lsdException w:name="Medium Shading 2 Accent 5" w:semiHidden="0" w:uiPriority="45" w:unhideWhenUsed="0"/><w:lsdException w:name="Medium List 1 Accent 5" w:semiHidden="0" w:uiPriority="45" w:unhideWhenUsed="0"/><w:lsdException w:name="Medium List 2 Accent 5" w:semiHidden="0" w:uiPriority="45" w:unhideWhenUsed="0"/><w:lsdException w:name="Medium Grid 1 Accent 5" w:semiHidden="0" w:uiPriority="45" w:unhideWhenUsed="0"/><w:lsdException w:name="Medium Grid 2 Accent 5" w:semiHidden="0" w:uiPriority="45" w:unhideWhenUsed="0"/><w:lsdException w:name="Medium Grid 3 Accent 5" w:semiHidden="0" w:uiPriority="45" w:unhideWhenUsed="0"/><w:lsdException w:name="Dark List Accent 5" w:semiHidden="0" w:uiPriority="45" w:unhideWhenUsed="0"/><w:lsdException w:name="Colorful Shading Accent 5" w:semiHidden="0" w:uiPriority="45" w:unhideWhenUsed="0"/><w:lsdException w:name="Colorful List Accent 5" w:semiHidden="0" w:uiPriority="45" w:unhideWhenUsed="0"/><w:lsdException w:name="Colorful Grid Accent 5" w:semiHidden="0" w:uiPriority="45" w:unhideWhenUsed="0"/><w:lsdException w:name="Light Shading Accent 6" w:semiHidden="0" w:uiPriority="46" w:unhideWhenUsed="0"/><w:lsdException w:name="Light List Accent 6" w:semiHidden="0" w:uiPriority="46" w:unhideWhenUsed="0"/><w:lsdException w:name="Light Grid Accent 6" w:semiHidden="0" w:uiPriority="46" w:unhideWhenUsed="0"/><w:lsdException w:name="Medium Shading 1 Accent 6" w:semiHidden="0" w:uiPriority="46" w:unhideWhenUsed="0"/><w:lsdException w:name="Medium Shading 2 Accent 6" w:semiHidden="0" w:uiPriority="46" w:unhideWhenUsed="0"/><w:lsdException w:name="Medium List 1 Accent 6" w:semiHidden="0" w:uiPriority="46" w:unhideWhenUsed="0"/><w:lsdException w:name="Medium List 2 Accent 6" w:semiHidden="0" w:uiPriority="46" w:unhideWhenUsed="0"/><w:lsdException w:name="Medium Grid 1 Accent 6" w:semiHidden="0" w:uiPriority="46" w:unhideWhenUsed="0"/><w:lsdException w:name="Medium Grid 2 Accent 6" w:semiHidden="0" w:uiPriority="46" w:unhideWhenUsed="0"/><w:lsdException w:name="Medium Grid 3 Accent 6" w:semiHidden="0" w:uiPriority="46" w:unhideWhenUsed="0"/><w:lsdException w:name="Dark List Accent 6" w:semiHidden="0" w:uiPriority="46" w:unhideWhenUsed="0"/><w:lsdException w:name="Colorful Shading Accent 6" w:semiHidden="0" w:uiPriority="46" w:unhideWhenUsed="0"/><w:lsdException w:name="Colorful List Accent 6" w:semiHidden="0" w:uiPriority="46" w:unhideWhenUsed="0"/><w:lsdException w:name="Colorful Grid Accent 6" w:semiHidden="0" w:uiPriority="46" w:unhideWhenUsed="0"/><w:lsdException w:name="Subtle Emphasis" w:semiHidden="0" w:uiPriority="19" w:unhideWhenUsed="0" w:qFormat="1"/><w:lsdException w:name="Intense Emphasis" w:semiHidden="0" w:uiPriority="21" w:unhideWhenUsed="0" w:qFormat="1"/><w:lsdException w:name="Subtle Reference" w:semiHidden="0" w:uiPriority="31" w:unhideWhenUsed="0" w:qFormat="1"/><w:lsdException w:name="Intense Reference" w:semiHidden="0" w:uiPriority="32" w:unhideWhenUsed="0" w:qFormat="1"/><w:lsdException w:name="Book Title" w:semiHidden="0" w:uiPriority="33" w:unhideWhenUsed="0" w:qFormat="1"/><w:lsdException w:name="Bibliography" w:uiPriority="37"/><w:lsdException w:name="TOC Heading" w:uiPriority="39" w:qFormat="1"/></w:latentStyles><w:style w:type="paragraph" w:default="1" w:styleId="Normal"><w:name w:val="Normal"/><w:qFormat/><w:rsid w:val="001A6335"/><w:pPr><w:spacing w:after="200" w:line="276" w:lineRule="auto"/></w:pPr><w:rPr><w:sz w:val="24"/><w:szCs w:val="24"/></w:rPr></w:style><w:style w:type="character" w:default="1" w:styleId="DefaultParagraphFont"><w:name w:val="Default Paragraph Font"/><w:semiHidden/><w:unhideWhenUsed/></w:style><w:style w:type="table" w:default="1" w:styleId="TableNormal"><w:name w:val="Normal Table"/><w:semiHidden/><w:unhideWhenUsed/><w:tblPr><w:tblInd w:w="0" w:type="dxa"/><w:tblCellMar><w:top w:w="0" w:type="dxa"/><w:left w:w="108" w:type="dxa"/><w:bottom w:w="0" w:type="dxa"/><w:right w:w="108" w:type="dxa"/></w:tblCellMar></w:tblPr></w:style><w:style w:type="numbering" w:default="1" w:styleId="NoList"><w:name w:val="No List"/><w:semiHidden/><w:unhideWhenUsed/></w:style><w:style w:type="paragraph" w:styleId="Header"><w:name w:val="header"/><w:basedOn w:val="Normal"/><w:link w:val="HeaderChar"/><w:uiPriority w:val="99"/><w:semiHidden/><w:unhideWhenUsed/><w:rsid w:val="00C703AC"/><w:pPr><w:tabs><w:tab w:val="center" w:pos="4680"/><w:tab w:val="right" w:pos="9360"/></w:tabs></w:pPr></w:style><w:style w:type="character" w:customStyle="1" w:styleId="HeaderChar"><w:name w:val="Header Char"/><w:basedOn w:val="DefaultParagraphFont"/><w:link w:val="Header"/><w:uiPriority w:val="99"/><w:semiHidden/><w:rsid w:val="00C703AC"/><w:rPr><w:sz w:val="24"/><w:szCs w:val="24"/></w:rPr></w:style><w:style w:type="paragraph" w:styleId="Footer"><w:name w:val="footer"/><w:basedOn w:val="Normal"/><w:link w:val="FooterChar"/><w:uiPriority w:val="99"/><w:semiHidden/><w:unhideWhenUsed/><w:rsid w:val="00C703AC"/><w:pPr><w:tabs><w:tab w:val="center" w:pos="4680"/><w:tab w:val="right" w:pos="9360"/></w:tabs></w:pPr></w:style><w:style w:type="character" w:customStyle="1" w:styleId="FooterChar"><w:name w:val="Footer Char"/><w:basedOn w:val="DefaultParagraphFont"/><w:link w:val="Footer"/><w:uiPriority w:val="99"/><w:semiHidden/><w:rsid w:val="00C703AC"/><w:rPr><w:sz w:val="24"/><w:szCs w:val="24"/></w:rPr></w:style></w:styles>